trip_id,service_id,start_time
2293,hi,05:00:00
2293,hi,05:25:00
2293,hi,05:55:00
2293,hi,06:25:00
2293,hi,06:55:00
2293,hi,07:25:00
2293,hi,07:55:00
2293,hi,08:25:00
2293,hi,08:55:00
2293,hi,09:25:00
2293,hi,09:55:00
2293,hi,10:25:00
2293,hi,10:55:00
2293,hi,11:25:00
2293,hi,11:55:00
2293,hi,12:25:00
2293,hi,12:55:00
2293,hi,13:25:00
2293,hi,13:55:00
2293,hi,14:25:00
2293,hi,14:55:00
2293,hi,15:25:00
2293,hi,15:55:00
2293,hi,16:25:00
2293,hi,16:55:00
2293,hi,17:25:00
2293,hi,17:55:00
2293,hi,18:25:00
2293,hi,19:25:00
2293,hi,19:55:00
2293,hi,20:25:00
2293,si,05:00:00
2293,si,05:40:00
2293,si,06:20:00
2293,si,07:00:00
2293,si,07:40:00
2293,si,08:20:00
2293,si,09:00:00
2293,si,09:40:00
2293,si,10:20:00
2293,si,11:40:00
2293,si,12:20:00
2293,si,13:00:00
2293,si,13:40:00
2293,si,14:20:00
2293,si,15:00:00
2293,si,15:40:00
2293,si,16:20:00
2293,si,17:00:00
2293,si,17:40:00
2293,si,18:20:00
2293,si,19:40:00
2293,si,20:20:00
2293,di,05:00:00
2293,di,05:40:00
2293,di,06:20:00
2293,di,07:00:00
2293,di,07:40:00
2293,di,08:20:00
2293,di,09:00:00
2293,di,09:40:00
2293,di,10:20:00
2293,di,11:40:00
2293,di,12:20:00
2293,di,13:00:00
2293,di,13:40:00
2293,di,14:20:00
2293,di,15:00:00
2293,di,15:40:00
2293,di,16:20:00
2293,di,17:00:00
2293,di,18:20:00
2293,di,19:00:00
2293,di,19:40:00
2293,di,20:20:00
2294,hi,05:00:00
2294,hi,05:25:00
2294,hi,05:55:00
2294,hi,06:25:00
2294,hi,06:55:00
2294,hi,07:25:00
2294,hi,07:55:00
2294,hi,08:25:00
2294,hi,08:55:00
2294,hi,09:25:00
2294,hi,09:55:00
2294,hi,10:25:00
2294,hi,10:55:00
2294,hi,11:25:00
2294,hi,11:55:00
2294,hi,12:25:00
2294,hi,12:55:00
2294,hi,13:25:00
2294,hi,13:55:00
2294,hi,14:25:00
2294,hi,14:55:00
2294,hi,15:25:00
2294,hi,15:55:00
2294,hi,16:25:00
2294,hi,16:55:00
2294,hi,17:25:00
2294,hi,17:55:00
2294,hi,18:25:00
2294,hi,19:25:00
2294,hi,19:55:00
2294,hi,20:25:00
2294,si,05:00:00
2294,si,05:40:00
2294,si,06:20:00
2294,si,07:00:00
2294,si,07:40:00
2294,si,08:20:00
2294,si,09:00:00
2294,si,09:40:00
2294,si,10:20:00
2294,si,11:40:00
2294,si,12:20:00
2294,si,13:00:00
2294,si,13:40:00
2294,si,14:20:00
2294,si,15:00:00
2294,si,15:40:00
2294,si,16:20:00
2294,si,17:00:00
2294,si,17:40:00
2294,si,18:20:00
2294,si,19:40:00
2294,si,20:20:00
2294,di,05:00:00
2294,di,05:40:00
2294,di,06:20:00
2294,di,07:00:00
2294,di,07:40:00
2294,di,08:20:00
2294,di,09:00:00
2294,di,09:40:00
2294,di,10:20:00
2294,di,11:40:00
2294,di,12:20:00
2294,di,13:00:00
2294,di,13:40:00
2294,di,14:20:00
2294,di,15:00:00
2294,di,15:40:00
2294,di,16:20:00
2294,di,17:00:00
2294,di,18:20:00
2294,di,19:00:00
2294,di,19:40:00
2294,di,20:20:00
2290,hi,18:25:00
2291,hi,18:25:00
2298,hi,18:55:00
2298,si,11:00:00
2298,si,19:00:00
2298,di,11:00:00
2298,di,17:40:00
3058,hi,18:55:00
3058,si,11:00:00
3058,si,19:00:00
3058,di,11:00:00
3058,di,17:40:00
2295,hi,21:00:00
2295,hi,22:15:00
2295,hi,23:00:00
2295,hi,00:15:00
2295,si,21:00:00
2295,si,21:30:00
2295,si,22:10:00
2295,si,22:50:00
2295,si,23:30:00
2295,si,00:10:00
2295,si,00:50:00
2295,si,01:30:00
2295,di,21:00:00
2295,di,21:30:00
2295,di,22:10:00
2295,di,22:50:00
2295,di,23:30:00
2295,di,00:10:00
2295,di,00:50:00
3050,hi,21:00:00
3050,hi,22:15:00
3050,hi,23:00:00
3050,hi,00:15:00
3050,si,21:00:00
3050,si,21:30:00
3050,si,22:10:00
3050,si,22:50:00
3050,si,23:30:00
3050,si,00:10:00
3050,si,00:50:00
3050,si,01:30:00
3050,di,21:00:00
3050,di,21:30:00
3050,di,22:10:00
3050,di,22:50:00
3050,di,23:30:00
3050,di,00:10:00
3050,di,00:50:00
2361,hi,05:10:00
2361,hi,06:10:00
2361,hi,12:45:00
2361,hi,15:10:00
2361,hi,16:30:00
2361,hi,18:30:00
2361,hi,20:30:00
2362,hi,05:10:00
2362,hi,06:10:00
2362,hi,12:45:00
2362,hi,15:10:00
2362,hi,16:30:00
2362,hi,18:30:00
2362,hi,20:30:00
2994,hi,05:33:00
2994,hi,06:07:00
2994,hi,06:37:00
2994,hi,07:02:00
2994,hi,07:37:00
2994,hi,08:07:00
2994,hi,08:37:00
2994,hi,09:07:00
2994,hi,09:37:00
2994,hi,10:07:00
2994,hi,10:37:00
2994,hi,11:07:00
2994,hi,11:37:00
2994,hi,12:07:00
2994,hi,12:37:00
3000,hi,05:33:00
3000,hi,06:07:00
3000,hi,06:37:00
3000,hi,07:02:00
3000,hi,07:37:00
3000,hi,08:07:00
3000,hi,08:37:00
3000,hi,09:07:00
3000,hi,09:37:00
3000,hi,10:07:00
3000,hi,10:37:00
3000,hi,11:07:00
3000,hi,11:37:00
3000,hi,12:07:00
3000,hi,12:37:00
2353,hi,07:05:00
2353,hi,07:35:00
2353,hi,12:25:00
2353,hi,15:35:00
2353,hi,20:25:00
2354,hi,07:05:00
2354,hi,07:35:00
2354,hi,12:25:00
2354,hi,15:35:00
2354,hi,20:25:00
2351,hi,05:14:00
2351,hi,05:44:00
2351,hi,07:44:00
2351,hi,08:17:00
2351,hi,08:44:00
2351,hi,09:14:00
2351,hi,10:14:00
2351,hi,10:44:00
2351,hi,11:14:00
2351,hi,12:44:00
2351,hi,13:14:00
2351,hi,14:14:00
2351,hi,14:44:00
2351,hi,16:14:00
2351,hi,16:44:00
2351,hi,17:44:00
2351,hi,18:14:00
2351,hi,18:44:00
2351,hi,20:14:00
2351,hi,20:44:00
2351,hi,21:24:00
2351,hi,22:24:00
2351,hi,23:24:00
2351,hi,00:24:00
2351,hi,01:24:00
2351,si,05:32:00
2351,si,06:02:00
2351,si,06:32:00
2351,si,08:02:00
2351,si,08:32:00
2351,si,09:02:00
2351,si,10:02:00
2351,si,10:32:00
2351,si,11:02:00
2351,si,12:32:00
2351,si,13:07:00
2351,si,14:02:00
2351,si,14:32:00
2351,si,15:02:00
2351,si,16:02:00
2351,si,16:32:00
2351,si,17:02:00
2351,si,18:02:00
2351,si,18:32:00
2351,si,19:02:00
2351,si,20:02:00
2351,si,21:25:00
2351,si,22:25:00
2351,si,23:25:00
2351,si,00:25:00
2351,di,05:32:00
2351,di,06:02:00
2351,di,06:32:00
2351,di,08:02:00
2351,di,08:32:00
2351,di,09:02:00
2351,di,10:02:00
2351,di,10:32:00
2351,di,11:02:00
2351,di,12:32:00
2351,di,13:02:00
2351,di,14:02:00
2351,di,14:32:00
2351,di,15:02:00
2351,di,16:02:00
2351,di,16:32:00
2351,di,17:02:00
2351,di,18:02:00
2351,di,18:32:00
2351,di,19:02:00
2351,di,20:02:00
2351,di,21:25:00
2351,di,22:25:00
2351,di,23:25:00
2351,di,00:25:00
2352,hi,05:14:00
2352,hi,05:44:00
2352,hi,07:44:00
2352,hi,08:17:00
2352,hi,08:44:00
2352,hi,09:14:00
2352,hi,10:14:00
2352,hi,10:44:00
2352,hi,11:14:00
2352,hi,12:44:00
2352,hi,13:14:00
2352,hi,14:14:00
2352,hi,14:44:00
2352,hi,16:14:00
2352,hi,16:44:00
2352,hi,17:44:00
2352,hi,18:14:00
2352,hi,18:44:00
2352,hi,20:14:00
2352,hi,20:44:00
2352,hi,21:24:00
2352,hi,22:24:00
2352,hi,23:24:00
2352,hi,00:24:00
2352,hi,01:24:00
2352,si,05:32:00
2352,si,06:02:00
2352,si,06:32:00
2352,si,08:02:00
2352,si,08:32:00
2352,si,09:02:00
2352,si,10:02:00
2352,si,10:32:00
2352,si,11:02:00
2352,si,12:32:00
2352,si,13:07:00
2352,si,14:02:00
2352,si,14:32:00
2352,si,15:02:00
2352,si,16:02:00
2352,si,16:32:00
2352,si,17:02:00
2352,si,18:02:00
2352,si,18:32:00
2352,si,19:02:00
2352,si,20:02:00
2352,si,21:25:00
2352,si,22:25:00
2352,si,23:25:00
2352,si,00:25:00
2352,di,05:32:00
2352,di,06:02:00
2352,di,06:32:00
2352,di,08:02:00
2352,di,08:32:00
2352,di,09:02:00
2352,di,10:02:00
2352,di,10:32:00
2352,di,11:02:00
2352,di,12:32:00
2352,di,13:02:00
2352,di,14:02:00
2352,di,14:32:00
2352,di,15:02:00
2352,di,16:02:00
2352,di,16:32:00
2352,di,17:02:00
2352,di,18:02:00
2352,di,18:32:00
2352,di,19:02:00
2352,di,20:02:00
2352,di,21:25:00
2352,di,22:25:00
2352,di,23:25:00
2352,di,00:25:00
2357,hi,06:50:00
2357,hi,07:20:00
2357,hi,08:05:00
2357,hi,12:20:00
2357,hi,12:55:00
2357,hi,16:05:00
2357,hi,20:20:00
2357,hi,20:55:00
2358,hi,06:50:00
2358,hi,07:20:00
2358,hi,08:05:00
2358,hi,12:20:00
2358,hi,12:55:00
2358,hi,16:05:00
2358,hi,20:20:00
2358,hi,20:55:00
2999,hi,21:00:00
2999,hi,22:40:00
2999,hi,00:40:00
2999,si,05:00:00
2999,si,05:30:00
2999,si,21:00:00
2999,si,22:40:00
2999,si,23:40:00
2999,si,00:40:00
2999,di,05:00:00
2999,di,05:30:00
2999,di,06:00:00
2999,di,21:00:00
2999,di,22:40:00
2999,di,23:40:00
2999,di,00:40:00
3003,hi,21:00:00
3003,hi,22:40:00
3003,hi,00:40:00
3003,si,05:00:00
3003,si,05:30:00
3003,si,21:00:00
3003,si,22:40:00
3003,si,23:40:00
3003,si,00:40:00
3003,di,05:00:00
3003,di,05:30:00
3003,di,06:00:00
3003,di,21:00:00
3003,di,22:40:00
3003,di,23:40:00
3003,di,00:40:00
2345,hi,05:20:00
2345,hi,05:32:00
2345,hi,05:42:00
2345,hi,05:52:00
2345,hi,06:12:00
2345,hi,06:20:00
2345,hi,06:26:00
2345,hi,06:32:00
2345,hi,06:42:00
2345,hi,06:52:00
2345,hi,07:10:00
2345,hi,07:20:00
2345,hi,07:24:00
2345,hi,07:40:00
2345,hi,07:52:00
2345,hi,08:14:00
2345,hi,08:24:00
2345,hi,08:39:00
2345,hi,08:52:00
2345,hi,08:55:00
2345,hi,09:10:00
2345,hi,09:22:00
2345,hi,09:35:00
2345,hi,09:42:00
2345,hi,09:52:00
2345,hi,10:10:00
2345,hi,10:20:00
2345,hi,10:28:00
2345,hi,10:33:00
2345,hi,10:50:00
2345,hi,10:54:00
2345,hi,11:12:00
2345,hi,11:22:00
2345,hi,11:34:00
2345,hi,11:40:00
2345,hi,11:52:00
2345,hi,12:10:00
2345,hi,12:22:00
2345,hi,12:30:00
2345,hi,12:50:00
2345,hi,12:54:00
2345,hi,13:10:00
2345,hi,13:30:00
2345,hi,13:41:00
2345,hi,13:52:00
2345,hi,14:10:00
2345,hi,14:22:00
2345,hi,14:34:00
2345,hi,14:40:00
2345,hi,14:52:00
2345,hi,15:10:00
2345,hi,15:22:00
2345,hi,15:34:00
2345,hi,15:40:00
2345,hi,15:52:00
2345,hi,16:10:00
2345,hi,16:22:00
2345,hi,16:34:00
2345,hi,16:40:00
2345,hi,16:54:00
2345,hi,17:12:00
2345,hi,17:20:00
2345,hi,17:26:00
2345,hi,17:38:00
2345,hi,17:42:00
2345,hi,17:54:00
2345,hi,18:12:00
2345,hi,18:22:00
2345,hi,18:34:00
2345,hi,18:40:00
2345,hi,18:54:00
2345,hi,19:12:00
2345,hi,19:34:00
2345,hi,19:40:00
2345,hi,19:54:00
2345,hi,20:22:00
2345,hi,20:34:00
2345,hi,20:40:00
2345,hi,20:54:00
2345,hi,21:20:00
2345,hi,21:40:00
2345,hi,22:00:00
2345,hi,22:30:00
2345,hi,23:00:00
2345,hi,23:30:00
2345,hi,00:00:00
2345,hi,00:40:00
2345,hi,01:20:00
2345,hi,02:20:00
2345,hi,03:20:00
2345,hi,04:20:00
2345,si,05:30:00
2345,si,05:45:00
2345,si,06:24:00
2345,si,06:36:00
2345,si,06:48:00
2345,si,07:24:00
2345,si,07:48:00
2345,si,08:24:00
2345,si,08:48:00
2345,si,09:24:00
2345,si,09:36:00
2345,si,09:48:00
2345,si,10:24:00
2345,si,10:36:00
2345,si,10:48:00
2345,si,11:24:00
2345,si,11:36:00
2345,si,11:48:00
2345,si,12:24:00
2345,si,12:48:00
2345,si,13:24:00
2345,si,13:48:00
2345,si,14:24:00
2345,si,14:36:00
2345,si,14:48:00
2345,si,15:24:00
2345,si,15:36:00
2345,si,15:48:00
2345,si,16:24:00
2345,si,16:36:00
2345,si,16:48:00
2345,si,17:24:00
2345,si,17:36:00
2345,si,17:48:00
2345,si,18:24:00
2345,si,18:36:00
2345,si,18:48:00
2345,si,19:36:00
2345,si,19:48:00
2345,si,20:24:00
2345,si,20:48:00
2345,si,21:20:00
2345,si,21:40:00
2345,si,22:00:00
2345,si,22:30:00
2345,si,23:00:00
2345,si,23:30:00
2345,si,00:00:00
2345,si,00:40:00
2345,si,01:20:00
2345,si,02:20:00
2345,si,03:20:00
2345,si,04:20:00
2345,di,05:30:00
2345,di,05:45:00
2345,di,06:24:00
2345,di,06:36:00
2345,di,06:48:00
2345,di,07:24:00
2345,di,07:48:00
2345,di,08:24:00
2345,di,08:48:00
2345,di,09:24:00
2345,di,09:36:00
2345,di,09:48:00
2345,di,10:24:00
2345,di,10:36:00
2345,di,10:48:00
2345,di,11:24:00
2345,di,11:36:00
2345,di,11:48:00
2345,di,12:24:00
2345,di,12:48:00
2345,di,13:24:00
2345,di,13:48:00
2345,di,14:24:00
2345,di,14:36:00
2345,di,14:48:00
2345,di,15:24:00
2345,di,15:36:00
2345,di,15:48:00
2345,di,16:24:00
2345,di,16:36:00
2345,di,16:48:00
2345,di,17:24:00
2345,di,17:36:00
2345,di,17:48:00
2345,di,18:24:00
2345,di,18:36:00
2345,di,18:48:00
2345,di,19:24:00
2345,di,19:48:00
2345,di,20:24:00
2345,di,20:36:00
2345,di,21:20:00
2345,di,21:40:00
2345,di,22:00:00
2345,di,22:30:00
2345,di,23:00:00
2345,di,23:30:00
2345,di,00:00:00
2345,di,00:40:00
2345,di,01:20:00
2345,di,02:20:00
2345,di,03:20:00
2345,di,04:20:00
2346,hi,05:20:00
2346,hi,05:32:00
2346,hi,05:42:00
2346,hi,05:52:00
2346,hi,06:12:00
2346,hi,06:20:00
2346,hi,06:26:00
2346,hi,06:32:00
2346,hi,06:42:00
2346,hi,06:52:00
2346,hi,07:10:00
2346,hi,07:20:00
2346,hi,07:24:00
2346,hi,07:40:00
2346,hi,07:52:00
2346,hi,08:14:00
2346,hi,08:24:00
2346,hi,08:39:00
2346,hi,08:52:00
2346,hi,08:55:00
2346,hi,09:10:00
2346,hi,09:22:00
2346,hi,09:35:00
2346,hi,09:42:00
2346,hi,09:52:00
2346,hi,10:10:00
2346,hi,10:20:00
2346,hi,10:28:00
2346,hi,10:33:00
2346,hi,10:50:00
2346,hi,10:54:00
2346,hi,11:12:00
2346,hi,11:22:00
2346,hi,11:34:00
2346,hi,11:40:00
2346,hi,11:52:00
2346,hi,12:10:00
2346,hi,12:22:00
2346,hi,12:30:00
2346,hi,12:50:00
2346,hi,12:54:00
2346,hi,13:10:00
2346,hi,13:30:00
2346,hi,13:41:00
2346,hi,13:52:00
2346,hi,14:10:00
2346,hi,14:22:00
2346,hi,14:34:00
2346,hi,14:40:00
2346,hi,14:52:00
2346,hi,15:10:00
2346,hi,15:22:00
2346,hi,15:34:00
2346,hi,15:40:00
2346,hi,15:52:00
2346,hi,16:10:00
2346,hi,16:22:00
2346,hi,16:34:00
2346,hi,16:40:00
2346,hi,16:54:00
2346,hi,17:12:00
2346,hi,17:20:00
2346,hi,17:26:00
2346,hi,17:38:00
2346,hi,17:42:00
2346,hi,17:54:00
2346,hi,18:12:00
2346,hi,18:22:00
2346,hi,18:34:00
2346,hi,18:40:00
2346,hi,18:54:00
2346,hi,19:12:00
2346,hi,19:34:00
2346,hi,19:40:00
2346,hi,19:54:00
2346,hi,20:22:00
2346,hi,20:34:00
2346,hi,20:40:00
2346,hi,20:54:00
2346,hi,21:20:00
2346,hi,21:40:00
2346,hi,22:00:00
2346,hi,22:30:00
2346,hi,23:00:00
2346,hi,23:30:00
2346,hi,00:00:00
2346,hi,00:40:00
2346,hi,01:20:00
2346,hi,02:20:00
2346,hi,03:20:00
2346,hi,04:20:00
2346,si,05:30:00
2346,si,05:45:00
2346,si,06:24:00
2346,si,06:36:00
2346,si,06:48:00
2346,si,07:24:00
2346,si,07:48:00
2346,si,08:24:00
2346,si,08:48:00
2346,si,09:24:00
2346,si,09:36:00
2346,si,09:48:00
2346,si,10:24:00
2346,si,10:36:00
2346,si,10:48:00
2346,si,11:24:00
2346,si,11:36:00
2346,si,11:48:00
2346,si,12:24:00
2346,si,12:48:00
2346,si,13:24:00
2346,si,13:48:00
2346,si,14:24:00
2346,si,14:36:00
2346,si,14:48:00
2346,si,15:24:00
2346,si,15:36:00
2346,si,15:48:00
2346,si,16:24:00
2346,si,16:36:00
2346,si,16:48:00
2346,si,17:24:00
2346,si,17:36:00
2346,si,17:48:00
2346,si,18:24:00
2346,si,18:36:00
2346,si,18:48:00
2346,si,19:36:00
2346,si,19:48:00
2346,si,20:24:00
2346,si,20:48:00
2346,si,21:20:00
2346,si,21:40:00
2346,si,22:00:00
2346,si,22:30:00
2346,si,23:00:00
2346,si,23:30:00
2346,si,00:00:00
2346,si,00:40:00
2346,si,01:20:00
2346,si,02:20:00
2346,si,03:20:00
2346,si,04:20:00
2346,di,05:30:00
2346,di,05:45:00
2346,di,06:24:00
2346,di,06:36:00
2346,di,06:48:00
2346,di,07:24:00
2346,di,07:48:00
2346,di,08:24:00
2346,di,08:48:00
2346,di,09:24:00
2346,di,09:36:00
2346,di,09:48:00
2346,di,10:24:00
2346,di,10:36:00
2346,di,10:48:00
2346,di,11:24:00
2346,di,11:36:00
2346,di,11:48:00
2346,di,12:24:00
2346,di,12:48:00
2346,di,13:24:00
2346,di,13:48:00
2346,di,14:24:00
2346,di,14:36:00
2346,di,14:48:00
2346,di,15:24:00
2346,di,15:36:00
2346,di,15:48:00
2346,di,16:24:00
2346,di,16:36:00
2346,di,16:48:00
2346,di,17:24:00
2346,di,17:36:00
2346,di,17:48:00
2346,di,18:24:00
2346,di,18:36:00
2346,di,18:48:00
2346,di,19:24:00
2346,di,19:48:00
2346,di,20:24:00
2346,di,20:36:00
2346,di,21:20:00
2346,di,21:40:00
2346,di,22:00:00
2346,di,22:30:00
2346,di,23:00:00
2346,di,23:30:00
2346,di,00:00:00
2346,di,00:40:00
2346,di,01:20:00
2346,di,02:20:00
2346,di,03:20:00
2346,di,04:20:00
2342,hi,07:34:00
2342,hi,08:28:00
2342,hi,12:36:00
2342,hi,13:24:00
2342,hi,19:22:00
2342,hi,20:12:00
2342,si,07:36:00
2342,si,08:36:00
2342,si,12:36:00
2342,si,13:36:00
2342,si,19:24:00
2342,si,20:36:00
2342,di,07:36:00
2342,di,08:36:00
2342,di,12:36:00
2342,di,13:36:00
2342,di,19:36:00
2342,di,20:48:00
2343,hi,07:34:00
2343,hi,08:28:00
2343,hi,12:36:00
2343,hi,13:24:00
2343,hi,19:22:00
2343,hi,20:12:00
2343,si,07:36:00
2343,si,08:36:00
2343,si,12:36:00
2343,si,13:36:00
2343,si,19:24:00
2343,si,20:36:00
2343,di,07:36:00
2343,di,08:36:00
2343,di,12:36:00
2343,di,13:36:00
2343,di,19:36:00
2343,di,20:48:00
2349,hi,05:06:00
2349,hi,06:04:00
2349,hi,07:04:00
2349,hi,08:06:00
2349,hi,09:04:00
2349,hi,10:04:00
2349,hi,11:04:00
2349,hi,12:04:00
2349,hi,13:04:00
2349,hi,14:04:00
2349,hi,15:04:00
2349,hi,16:04:00
2349,hi,17:04:00
2349,hi,18:04:00
2349,hi,19:04:00
2349,hi,20:04:00
2349,si,05:15:00
2349,si,06:12:00
2349,si,07:12:00
2349,si,08:12:00
2349,si,09:12:00
2349,si,10:12:00
2349,si,11:12:00
2349,si,12:12:00
2349,si,13:12:00
2349,si,14:12:00
2349,si,15:12:00
2349,si,16:12:00
2349,si,17:12:00
2349,si,18:12:00
2349,si,19:12:00
2349,si,20:12:00
2349,di,05:15:00
2349,di,06:12:00
2349,di,07:12:00
2349,di,08:12:00
2349,di,09:12:00
2349,di,10:12:00
2349,di,11:12:00
2349,di,12:12:00
2349,di,13:12:00
2349,di,14:12:00
2349,di,15:12:00
2349,di,16:12:00
2349,di,17:12:00
2349,di,18:12:00
2349,di,19:12:00
2349,di,20:12:00
2350,hi,05:06:00
2350,hi,06:04:00
2350,hi,07:04:00
2350,hi,08:06:00
2350,hi,09:04:00
2350,hi,10:04:00
2350,hi,11:04:00
2350,hi,12:04:00
2350,hi,13:04:00
2350,hi,14:04:00
2350,hi,15:04:00
2350,hi,16:04:00
2350,hi,17:04:00
2350,hi,18:04:00
2350,hi,19:04:00
2350,hi,20:04:00
2350,si,05:15:00
2350,si,06:12:00
2350,si,07:12:00
2350,si,08:12:00
2350,si,09:12:00
2350,si,10:12:00
2350,si,11:12:00
2350,si,12:12:00
2350,si,13:12:00
2350,si,14:12:00
2350,si,15:12:00
2350,si,16:12:00
2350,si,17:12:00
2350,si,18:12:00
2350,si,19:12:00
2350,si,20:12:00
2350,di,05:15:00
2350,di,06:12:00
2350,di,07:12:00
2350,di,08:12:00
2350,di,09:12:00
2350,di,10:12:00
2350,di,11:12:00
2350,di,12:12:00
2350,di,13:12:00
2350,di,14:12:00
2350,di,15:12:00
2350,di,16:12:00
2350,di,17:12:00
2350,di,18:12:00
2350,di,19:12:00
2350,di,20:12:00
2347,hi,04:56:00
2347,hi,05:56:00
2347,hi,06:56:00
2347,hi,07:56:00
2347,hi,08:56:00
2347,hi,09:56:00
2347,hi,10:56:00
2347,hi,11:56:00
2347,hi,12:56:00
2347,hi,13:56:00
2347,hi,14:56:00
2347,hi,15:56:00
2347,hi,16:56:00
2347,hi,17:56:00
2347,hi,18:56:00
2347,hi,19:56:00
2347,hi,21:00:00
2347,si,04:56:00
2347,si,05:56:00
2347,si,06:56:00
2347,si,07:56:00
2347,si,08:56:00
2347,si,09:56:00
2347,si,10:56:00
2347,si,11:56:00
2347,si,12:56:00
2347,si,13:56:00
2347,si,14:56:00
2347,si,15:56:00
2347,si,16:56:00
2347,si,17:56:00
2347,si,18:56:00
2347,si,19:56:00
2347,si,21:00:00
2347,di,04:56:00
2347,di,05:56:00
2347,di,06:56:00
2347,di,07:56:00
2347,di,08:56:00
2347,di,09:56:00
2347,di,10:56:00
2347,di,11:56:00
2347,di,12:56:00
2347,di,13:56:00
2347,di,14:56:00
2347,di,15:56:00
2347,di,16:56:00
2347,di,17:56:00
2347,di,18:56:00
2347,di,19:56:00
2347,di,21:00:00
2348,hi,04:56:00
2348,hi,05:56:00
2348,hi,06:56:00
2348,hi,07:56:00
2348,hi,08:56:00
2348,hi,09:56:00
2348,hi,10:56:00
2348,hi,11:56:00
2348,hi,12:56:00
2348,hi,13:56:00
2348,hi,14:56:00
2348,hi,15:56:00
2348,hi,16:56:00
2348,hi,17:56:00
2348,hi,18:56:00
2348,hi,19:56:00
2348,hi,21:00:00
2348,si,04:56:00
2348,si,05:56:00
2348,si,06:56:00
2348,si,07:56:00
2348,si,08:56:00
2348,si,09:56:00
2348,si,10:56:00
2348,si,11:56:00
2348,si,12:56:00
2348,si,13:56:00
2348,si,14:56:00
2348,si,15:56:00
2348,si,16:56:00
2348,si,17:56:00
2348,si,18:56:00
2348,si,19:56:00
2348,si,21:00:00
2348,di,04:56:00
2348,di,05:56:00
2348,di,06:56:00
2348,di,07:56:00
2348,di,08:56:00
2348,di,09:56:00
2348,di,10:56:00
2348,di,11:56:00
2348,di,12:56:00
2348,di,13:56:00
2348,di,14:56:00
2348,di,15:56:00
2348,di,16:56:00
2348,di,17:56:00
2348,di,18:56:00
2348,di,19:56:00
2348,di,21:00:00
2245,hi,07:20:00
2246,hi,07:20:00
2960,hi,14:10:00
2960,hi,14:20:00
2960,hi,14:30:00
2960,hi,14:40:00
2960,hi,14:50:00
2960,hi,15:00:00
2960,hi,15:08:00
2960,hi,15:16:00
2960,hi,15:24:00
2960,hi,15:32:00
2960,hi,15:40:00
2960,hi,15:48:00
2960,hi,15:56:00
2960,hi,16:04:00
2960,hi,16:12:00
2960,hi,16:20:00
2960,hi,16:30:00
2960,hi,16:40:00
2960,hi,16:50:00
2960,hi,17:00:00
2960,hi,17:08:00
2960,hi,17:16:00
2960,hi,17:24:00
2960,hi,17:32:00
2960,hi,17:40:00
2960,hi,17:48:00
2960,hi,17:56:00
2960,hi,18:04:00
2960,hi,18:12:00
2960,hi,18:20:00
2960,hi,18:30:00
2960,hi,18:40:00
2960,hi,18:50:00
2960,hi,19:00:00
2960,hi,19:10:00
2960,hi,19:20:00
2960,hi,19:30:00
2960,hi,19:40:00
2960,hi,19:48:00
2960,hi,19:56:00
2960,hi,20:04:00
2960,hi,20:12:00
2960,hi,20:20:00
2960,hi,20:30:00
2960,hi,20:40:00
2960,hi,20:50:00
2960,hi,21:00:00
2960,hi,21:12:00
2960,hi,21:28:00
2960,hi,21:45:00
2960,hi,22:05:00
2960,hi,22:25:00
2960,hi,22:45:00
2960,hi,23:05:00
2960,hi,23:25:00
2960,hi,23:45:00
2960,hi,00:05:00
2960,hi,00:25:00
2960,hi,00:45:00
2960,hi,01:05:00
2960,hi,01:35:00
2960,hi,03:00:00
2960,hi,04:30:00
2960,si,05:00:00
2960,si,05:12:00
2960,si,05:24:00
2960,si,05:36:00
2960,si,05:48:00
2960,si,06:00:00
2960,si,06:10:00
2960,si,06:20:00
2960,si,06:30:00
2960,si,06:40:00
2960,si,06:50:00
2960,si,07:00:00
2960,si,07:10:00
2960,si,07:20:00
2960,si,07:30:00
2960,si,07:40:00
2960,si,07:50:00
2960,si,08:00:00
2960,si,08:10:00
2960,si,08:20:00
2960,si,08:30:00
2960,si,08:40:00
2960,si,08:50:00
2960,si,09:00:00
2960,si,09:10:00
2960,si,09:20:00
2960,si,09:30:00
2960,si,09:40:00
2960,si,09:50:00
2960,si,10:00:00
2960,si,10:10:00
2960,si,10:20:00
2960,si,10:30:00
2960,si,10:40:00
2960,si,10:50:00
2960,si,11:00:00
2960,si,11:10:00
2960,si,11:20:00
2960,si,11:30:00
2960,si,11:40:00
2960,si,11:50:00
2960,si,12:00:00
2960,si,12:10:00
2960,si,12:20:00
2960,si,12:30:00
2960,si,12:40:00
2960,si,12:50:00
2960,si,13:00:00
2960,si,13:12:00
2960,si,13:24:00
2960,si,13:36:00
2960,si,13:48:00
2960,si,14:00:00
2960,si,14:12:00
2960,si,14:24:00
2960,si,14:36:00
2960,si,14:48:00
2960,si,15:00:00
2960,si,15:12:00
2960,si,15:24:00
2960,si,15:36:00
2960,si,15:48:00
2960,si,16:00:00
2960,si,16:12:00
2960,si,16:24:00
2960,si,16:36:00
2960,si,16:48:00
2960,si,17:00:00
2960,si,17:12:00
2960,si,17:24:00
2960,si,17:36:00
2960,si,17:48:00
2960,si,18:00:00
2960,si,18:12:00
2960,si,18:24:00
2960,si,18:36:00
2960,si,18:48:00
2960,si,19:00:00
2960,si,19:12:00
2960,si,19:24:00
2960,si,19:36:00
2960,si,19:48:00
2960,si,20:00:00
2960,si,20:12:00
2960,si,20:24:00
2960,si,20:36:00
2960,si,20:48:00
2960,si,21:00:00
2960,si,21:12:00
2960,si,21:28:00
2960,si,21:45:00
2960,si,22:05:00
2960,si,22:25:00
2960,si,22:45:00
2960,si,23:05:00
2960,si,23:25:00
2960,si,23:45:00
2960,si,00:05:00
2960,si,00:25:00
2960,si,00:45:00
2960,si,01:05:00
2960,si,01:40:00
2960,si,02:20:00
2960,si,03:30:00
2960,si,04:30:00
2960,di,05:00:00
2960,di,05:20:00
2960,di,05:40:00
2960,di,06:00:00
2960,di,06:20:00
2960,di,06:40:00
2960,di,07:00:00
2960,di,07:12:00
2960,di,07:24:00
2960,di,07:36:00
2960,di,07:48:00
2960,di,08:00:00
2960,di,08:12:00
2960,di,08:24:00
2960,di,08:36:00
2960,di,08:48:00
2960,di,09:00:00
2960,di,09:12:00
2960,di,09:24:00
2960,di,09:36:00
2960,di,09:48:00
2960,di,10:00:00
2960,di,10:12:00
2960,di,10:24:00
2960,di,10:36:00
2960,di,10:48:00
2960,di,11:00:00
2960,di,11:12:00
2960,di,11:24:00
2960,di,11:36:00
2960,di,11:48:00
2960,di,12:00:00
2960,di,12:12:00
2960,di,12:24:00
2960,di,12:36:00
2960,di,12:48:00
2960,di,13:00:00
2960,di,13:15:00
2960,di,13:30:00
2960,di,13:45:00
2960,di,14:00:00
2960,di,14:15:00
2960,di,14:30:00
2960,di,14:45:00
2960,di,15:00:00
2960,di,15:15:00
2960,di,15:30:00
2960,di,15:45:00
2960,di,16:00:00
2960,di,16:15:00
2960,di,16:30:00
2960,di,16:45:00
2960,di,17:00:00
2960,di,17:15:00
2960,di,17:30:00
2960,di,17:45:00
2960,di,18:00:00
2960,di,18:15:00
2960,di,18:30:00
2960,di,18:45:00
2960,di,19:00:00
2960,di,19:15:00
2960,di,19:30:00
2960,di,19:45:00
2960,di,20:00:00
2960,di,20:15:00
2960,di,20:30:00
2960,di,20:45:00
2960,di,21:00:00
2960,di,21:10:00
2960,di,21:25:00
2960,di,21:45:00
2960,di,22:05:00
2960,di,22:25:00
2960,di,22:45:00
2960,di,23:05:00
2960,di,23:25:00
2960,di,23:45:00
2960,di,00:05:00
2960,di,00:25:00
2960,di,00:45:00
2960,di,01:05:00
2960,di,01:35:00
2960,di,03:00:00
2960,di,04:30:00
3085,hi,14:10:00
3085,hi,14:20:00
3085,hi,14:30:00
3085,hi,14:40:00
3085,hi,14:50:00
3085,hi,15:00:00
3085,hi,15:08:00
3085,hi,15:16:00
3085,hi,15:24:00
3085,hi,15:32:00
3085,hi,15:40:00
3085,hi,15:48:00
3085,hi,15:56:00
3085,hi,16:04:00
3085,hi,16:12:00
3085,hi,16:20:00
3085,hi,16:30:00
3085,hi,16:40:00
3085,hi,16:50:00
3085,hi,17:00:00
3085,hi,17:08:00
3085,hi,17:16:00
3085,hi,17:24:00
3085,hi,17:32:00
3085,hi,17:40:00
3085,hi,17:48:00
3085,hi,17:56:00
3085,hi,18:04:00
3085,hi,18:12:00
3085,hi,18:20:00
3085,hi,18:30:00
3085,hi,18:40:00
3085,hi,18:50:00
3085,hi,19:00:00
3085,hi,19:10:00
3085,hi,19:20:00
3085,hi,19:30:00
3085,hi,19:40:00
3085,hi,19:48:00
3085,hi,19:56:00
3085,hi,20:04:00
3085,hi,20:12:00
3085,hi,20:20:00
3085,hi,20:30:00
3085,hi,20:40:00
3085,hi,20:50:00
3085,hi,21:00:00
3085,hi,21:12:00
3085,hi,21:28:00
3085,hi,21:45:00
3085,hi,22:05:00
3085,hi,22:25:00
3085,hi,22:45:00
3085,hi,23:05:00
3085,hi,23:25:00
3085,hi,23:45:00
3085,hi,00:05:00
3085,hi,00:25:00
3085,hi,00:45:00
3085,hi,01:05:00
3085,hi,01:35:00
3085,hi,03:00:00
3085,hi,04:30:00
3085,si,05:00:00
3085,si,05:12:00
3085,si,05:24:00
3085,si,05:36:00
3085,si,05:48:00
3085,si,06:00:00
3085,si,06:10:00
3085,si,06:20:00
3085,si,06:30:00
3085,si,06:40:00
3085,si,06:50:00
3085,si,07:00:00
3085,si,07:10:00
3085,si,07:20:00
3085,si,07:30:00
3085,si,07:40:00
3085,si,07:50:00
3085,si,08:00:00
3085,si,08:10:00
3085,si,08:20:00
3085,si,08:30:00
3085,si,08:40:00
3085,si,08:50:00
3085,si,09:00:00
3085,si,09:10:00
3085,si,09:20:00
3085,si,09:30:00
3085,si,09:40:00
3085,si,09:50:00
3085,si,10:00:00
3085,si,10:10:00
3085,si,10:20:00
3085,si,10:30:00
3085,si,10:40:00
3085,si,10:50:00
3085,si,11:00:00
3085,si,11:10:00
3085,si,11:20:00
3085,si,11:30:00
3085,si,11:40:00
3085,si,11:50:00
3085,si,12:00:00
3085,si,12:10:00
3085,si,12:20:00
3085,si,12:30:00
3085,si,12:40:00
3085,si,12:50:00
3085,si,13:00:00
3085,si,13:12:00
3085,si,13:24:00
3085,si,13:36:00
3085,si,13:48:00
3085,si,14:00:00
3085,si,14:12:00
3085,si,14:24:00
3085,si,14:36:00
3085,si,14:48:00
3085,si,15:00:00
3085,si,15:12:00
3085,si,15:24:00
3085,si,15:36:00
3085,si,15:48:00
3085,si,16:00:00
3085,si,16:12:00
3085,si,16:24:00
3085,si,16:36:00
3085,si,16:48:00
3085,si,17:00:00
3085,si,17:12:00
3085,si,17:24:00
3085,si,17:36:00
3085,si,17:48:00
3085,si,18:00:00
3085,si,18:12:00
3085,si,18:24:00
3085,si,18:36:00
3085,si,18:48:00
3085,si,19:00:00
3085,si,19:12:00
3085,si,19:24:00
3085,si,19:36:00
3085,si,19:48:00
3085,si,20:00:00
3085,si,20:12:00
3085,si,20:24:00
3085,si,20:36:00
3085,si,20:48:00
3085,si,21:00:00
3085,si,21:12:00
3085,si,21:28:00
3085,si,21:45:00
3085,si,22:05:00
3085,si,22:25:00
3085,si,22:45:00
3085,si,23:05:00
3085,si,23:25:00
3085,si,23:45:00
3085,si,00:05:00
3085,si,00:25:00
3085,si,00:45:00
3085,si,01:05:00
3085,si,01:40:00
3085,si,02:20:00
3085,si,03:30:00
3085,si,04:30:00
3085,di,05:00:00
3085,di,05:20:00
3085,di,05:40:00
3085,di,06:00:00
3085,di,06:20:00
3085,di,06:40:00
3085,di,07:00:00
3085,di,07:12:00
3085,di,07:24:00
3085,di,07:36:00
3085,di,07:48:00
3085,di,08:00:00
3085,di,08:12:00
3085,di,08:24:00
3085,di,08:36:00
3085,di,08:48:00
3085,di,09:00:00
3085,di,09:12:00
3085,di,09:24:00
3085,di,09:36:00
3085,di,09:48:00
3085,di,10:00:00
3085,di,10:12:00
3085,di,10:24:00
3085,di,10:36:00
3085,di,10:48:00
3085,di,11:00:00
3085,di,11:12:00
3085,di,11:24:00
3085,di,11:36:00
3085,di,11:48:00
3085,di,12:00:00
3085,di,12:12:00
3085,di,12:24:00
3085,di,12:36:00
3085,di,12:48:00
3085,di,13:00:00
3085,di,13:15:00
3085,di,13:30:00
3085,di,13:45:00
3085,di,14:00:00
3085,di,14:15:00
3085,di,14:30:00
3085,di,14:45:00
3085,di,15:00:00
3085,di,15:15:00
3085,di,15:30:00
3085,di,15:45:00
3085,di,16:00:00
3085,di,16:15:00
3085,di,16:30:00
3085,di,16:45:00
3085,di,17:00:00
3085,di,17:15:00
3085,di,17:30:00
3085,di,17:45:00
3085,di,18:00:00
3085,di,18:15:00
3085,di,18:30:00
3085,di,18:45:00
3085,di,19:00:00
3085,di,19:15:00
3085,di,19:30:00
3085,di,19:45:00
3085,di,20:00:00
3085,di,20:15:00
3085,di,20:30:00
3085,di,20:45:00
3085,di,21:00:00
3085,di,21:10:00
3085,di,21:25:00
3085,di,21:45:00
3085,di,22:05:00
3085,di,22:25:00
3085,di,22:45:00
3085,di,23:05:00
3085,di,23:25:00
3085,di,23:45:00
3085,di,00:05:00
3085,di,00:25:00
3085,di,00:45:00
3085,di,01:05:00
3085,di,01:35:00
3085,di,03:00:00
3085,di,04:30:00
2239,hi,13:12:00
2239,hi,13:32:00
2241,hi,13:12:00
2241,hi,13:32:00
3005,hi,14:30:00
3005,hi,15:00:00
3005,hi,15:30:00
3005,hi,16:00:00
3005,hi,16:30:00
3005,hi,17:00:00
3005,hi,17:30:00
3005,hi,18:00:00
3005,hi,18:30:00
3005,hi,19:00:00
3005,hi,19:30:00
3005,hi,20:00:00
3005,hi,20:37:00
3005,hi,21:40:00
3005,hi,23:40:00
3005,si,06:00:00
3005,si,07:00:00
3005,si,08:00:00
3005,si,08:30:00
3005,si,09:00:00
3005,si,09:30:00
3005,si,10:00:00
3005,si,10:30:00
3005,si,11:00:00
3005,si,11:30:00
3005,si,12:00:00
3005,si,12:30:00
3005,si,13:00:00
3005,si,14:00:00
3005,si,15:00:00
3005,si,16:00:00
3005,si,17:00:00
3005,si,18:00:00
3005,si,19:00:00
3005,si,20:00:00
3005,si,21:40:00
3005,di,07:00:00
3005,di,07:40:00
3005,di,08:20:00
3005,di,09:00:00
3005,di,09:40:00
3005,di,10:20:00
3005,di,11:00:00
3005,di,11:40:00
3005,di,12:20:00
3005,di,13:00:00
3005,di,13:40:00
3005,di,14:20:00
3005,di,15:00:00
3005,di,15:40:00
3005,di,16:20:00
3005,di,17:00:00
3005,di,17:40:00
3005,di,18:20:00
3005,di,19:00:00
3005,di,19:40:00
3005,di,20:20:00
3005,di,21:40:00
3006,hi,14:30:00
3006,hi,15:00:00
3006,hi,15:30:00
3006,hi,16:00:00
3006,hi,16:30:00
3006,hi,17:00:00
3006,hi,17:30:00
3006,hi,18:00:00
3006,hi,18:30:00
3006,hi,19:00:00
3006,hi,19:30:00
3006,hi,20:00:00
3006,hi,20:37:00
3006,hi,21:40:00
3006,hi,23:40:00
3006,si,06:00:00
3006,si,07:00:00
3006,si,08:00:00
3006,si,08:30:00
3006,si,09:00:00
3006,si,09:30:00
3006,si,10:00:00
3006,si,10:30:00
3006,si,11:00:00
3006,si,11:30:00
3006,si,12:00:00
3006,si,12:30:00
3006,si,13:00:00
3006,si,14:00:00
3006,si,15:00:00
3006,si,16:00:00
3006,si,17:00:00
3006,si,18:00:00
3006,si,19:00:00
3006,si,20:00:00
3006,si,21:40:00
3006,di,07:00:00
3006,di,07:40:00
3006,di,08:20:00
3006,di,09:00:00
3006,di,09:40:00
3006,di,10:20:00
3006,di,11:00:00
3006,di,11:40:00
3006,di,12:20:00
3006,di,13:00:00
3006,di,13:40:00
3006,di,14:20:00
3006,di,15:00:00
3006,di,15:40:00
3006,di,16:20:00
3006,di,17:00:00
3006,di,17:40:00
3006,di,18:20:00
3006,di,19:00:00
3006,di,19:40:00
3006,di,20:20:00
3006,di,21:40:00
1690,hi,05:00:00
1690,hi,05:20:00
1690,hi,07:20:00
2998,hi,05:00:00
2998,hi,05:20:00
2998,hi,07:20:00
2252,hi,12:25:00
2252,hi,18:10:00
2255,hi,12:25:00
2255,hi,18:10:00
2250,hi,17:30:00
2251,hi,17:30:00
2247,hi,12:30:00
2248,hi,12:30:00
2338,hi,05:10:00
2338,hi,06:10:00
2338,hi,07:00:00
2338,hi,08:00:00
2338,hi,09:00:00
2338,hi,11:30:00
2338,hi,12:30:00
2338,hi,13:30:00
2338,hi,15:30:00
2338,hi,17:00:00
2338,hi,18:00:00
2338,hi,19:00:00
2338,hi,20:00:00
2338,si,05:10:00
2338,si,06:10:00
2338,si,07:00:00
2338,si,08:00:00
2338,si,09:00:00
2338,si,11:30:00
2338,si,12:30:00
2338,si,15:30:00
2338,si,17:00:00
2338,si,18:00:00
2338,si,20:00:00
2338,di,05:00:00
2338,di,07:00:00
2338,di,09:00:00
2338,di,11:00:00
2338,di,13:00:00
2338,di,15:00:00
2338,di,17:00:00
2338,di,19:00:00
2338,di,21:00:00
2339,hi,05:10:00
2339,hi,06:10:00
2339,hi,07:00:00
2339,hi,08:00:00
2339,hi,09:00:00
2339,hi,11:30:00
2339,hi,12:30:00
2339,hi,13:30:00
2339,hi,15:30:00
2339,hi,17:00:00
2339,hi,18:00:00
2339,hi,19:00:00
2339,hi,20:00:00
2339,si,05:10:00
2339,si,06:10:00
2339,si,07:00:00
2339,si,08:00:00
2339,si,09:00:00
2339,si,11:30:00
2339,si,12:30:00
2339,si,15:30:00
2339,si,17:00:00
2339,si,18:00:00
2339,si,20:00:00
2339,di,05:00:00
2339,di,07:00:00
2339,di,09:00:00
2339,di,11:00:00
2339,di,13:00:00
2339,di,15:00:00
2339,di,17:00:00
2339,di,19:00:00
2339,di,21:00:00
2990,hi,21:13:00
2990,hi,22:03:00
2990,hi,23:03:00
2990,hi,00:03:00
2990,si,20:32:00
2990,si,21:13:00
2990,si,22:03:00
2990,si,23:03:00
2990,si,00:03:00
2990,di,11:53:00
2990,di,20:33:00
2990,di,21:13:00
2990,di,22:03:00
2990,di,23:03:00
2990,di,00:03:00
2991,hi,21:13:00
2991,hi,22:03:00
2991,hi,23:03:00
2991,hi,00:03:00
2991,si,20:32:00
2991,si,21:13:00
2991,si,22:03:00
2991,si,23:03:00
2991,si,00:03:00
2991,di,11:53:00
2991,di,20:33:00
2991,di,21:13:00
2991,di,22:03:00
2991,di,23:03:00
2991,di,00:03:00
2328,hi,05:55:00
2328,hi,06:25:00
2328,hi,06:56:00
2328,hi,07:27:00
2328,hi,08:35:00
2328,hi,09:35:00
2328,hi,10:35:00
2328,hi,11:35:00
2328,hi,12:30:00
2328,hi,13:35:00
2328,hi,14:35:00
2328,hi,15:35:00
2328,hi,16:35:00
2328,hi,17:35:00
2328,hi,18:35:00
2328,hi,19:40:00
2328,hi,20:50:00
2328,si,05:45:00
2328,si,07:27:00
2328,si,09:35:00
2328,si,11:35:00
2328,si,13:35:00
2328,si,15:35:00
2328,si,17:35:00
2328,si,19:40:00
2329,hi,05:55:00
2329,hi,06:25:00
2329,hi,06:56:00
2329,hi,07:27:00
2329,hi,08:35:00
2329,hi,09:35:00
2329,hi,10:35:00
2329,hi,11:35:00
2329,hi,12:30:00
2329,hi,13:35:00
2329,hi,14:35:00
2329,hi,15:35:00
2329,hi,16:35:00
2329,hi,17:35:00
2329,hi,18:35:00
2329,hi,19:40:00
2329,hi,20:50:00
2329,si,05:45:00
2329,si,07:27:00
2329,si,09:35:00
2329,si,11:35:00
2329,si,13:35:00
2329,si,15:35:00
2329,si,17:35:00
2329,si,19:40:00
2359,hi,06:38:00
2359,hi,06:56:00
2359,hi,12:36:00
2359,hi,14:21:00
2359,hi,17:06:00
2359,hi,19:06:00
2359,hi,22:16:00
2360,hi,06:38:00
2360,hi,06:56:00
2360,hi,12:36:00
2360,hi,14:21:00
2360,hi,17:06:00
2360,hi,19:06:00
2360,hi,22:16:00
2333,hi,07:30:00
2333,hi,09:30:00
2333,hi,11:30:00
2333,hi,13:30:00
2333,hi,15:30:00
2333,hi,17:30:00
2333,hi,19:40:00
2334,hi,07:30:00
2334,hi,09:30:00
2334,hi,11:30:00
2334,hi,13:30:00
2334,hi,15:30:00
2334,hi,17:30:00
2334,hi,19:40:00
2337,hi,14:15:00
2337,hi,14:35:00
2337,hi,14:55:00
2337,hi,15:15:00
2337,hi,15:35:00
2337,hi,15:55:00
2337,hi,16:15:00
2337,hi,16:35:00
2337,hi,16:55:00
2337,hi,17:15:00
2337,hi,17:35:00
2337,hi,17:55:00
2337,hi,18:15:00
2337,hi,18:35:00
2337,hi,18:55:00
2337,hi,19:15:00
2337,hi,19:35:00
2337,hi,19:55:00
2337,hi,20:15:00
2337,hi,20:35:00
2337,hi,20:55:00
2337,si,06:30:00
2337,si,07:00:00
2337,si,07:20:00
2337,si,07:40:00
2337,si,07:55:00
2337,si,08:10:00
2337,si,08:30:00
2337,si,08:45:00
2337,si,09:00:00
2337,si,09:20:00
2337,si,09:40:00
2337,si,10:00:00
2337,si,10:15:00
2337,si,10:35:00
2337,si,10:55:00
2337,si,11:15:00
2337,si,11:35:00
2337,si,11:55:00
2337,si,12:15:00
2337,si,12:35:00
2337,si,12:55:00
2337,si,13:15:00
2337,si,13:35:00
2337,si,13:55:00
2337,si,14:15:00
2337,si,14:35:00
2337,si,14:55:00
2337,si,15:15:00
2337,si,15:35:00
2337,si,15:55:00
2337,si,16:15:00
2337,si,16:35:00
2337,si,16:55:00
2337,si,17:15:00
2337,si,17:35:00
2337,si,17:55:00
2337,si,18:15:00
2337,si,18:35:00
2337,si,18:55:00
2337,si,19:15:00
2337,si,19:35:00
2337,si,19:55:00
2337,si,20:20:00
2337,si,20:50:00
3036,hi,14:15:00
3036,hi,14:35:00
3036,hi,14:55:00
3036,hi,15:15:00
3036,hi,15:35:00
3036,hi,15:55:00
3036,hi,16:15:00
3036,hi,16:35:00
3036,hi,16:55:00
3036,hi,17:15:00
3036,hi,17:35:00
3036,hi,17:55:00
3036,hi,18:15:00
3036,hi,18:35:00
3036,hi,18:55:00
3036,hi,19:15:00
3036,hi,19:35:00
3036,hi,19:55:00
3036,hi,20:15:00
3036,hi,20:35:00
3036,hi,20:55:00
3036,si,06:30:00
3036,si,07:00:00
3036,si,07:20:00
3036,si,07:40:00
3036,si,07:55:00
3036,si,08:10:00
3036,si,08:30:00
3036,si,08:45:00
3036,si,09:00:00
3036,si,09:20:00
3036,si,09:40:00
3036,si,10:00:00
3036,si,10:15:00
3036,si,10:35:00
3036,si,10:55:00
3036,si,11:15:00
3036,si,11:35:00
3036,si,11:55:00
3036,si,12:15:00
3036,si,12:35:00
3036,si,12:55:00
3036,si,13:15:00
3036,si,13:35:00
3036,si,13:55:00
3036,si,14:15:00
3036,si,14:35:00
3036,si,14:55:00
3036,si,15:15:00
3036,si,15:35:00
3036,si,15:55:00
3036,si,16:15:00
3036,si,16:35:00
3036,si,16:55:00
3036,si,17:15:00
3036,si,17:35:00
3036,si,17:55:00
3036,si,18:15:00
3036,si,18:35:00
3036,si,18:55:00
3036,si,19:15:00
3036,si,19:35:00
3036,si,19:55:00
3036,si,20:20:00
3036,si,20:50:00
2336,hi,05:55:00
2336,hi,06:10:00
2336,hi,06:25:00
2336,hi,06:40:00
2336,hi,06:55:00
2336,hi,07:10:00
2336,hi,07:25:00
2336,hi,07:40:00
2336,hi,07:55:00
2336,hi,08:10:00
2336,hi,08:25:00
2336,hi,08:40:00
2336,hi,08:55:00
2336,hi,09:10:00
2336,hi,09:25:00
2336,hi,09:40:00
2336,hi,09:55:00
2336,hi,10:10:00
2336,hi,10:25:00
2336,hi,10:40:00
2336,hi,10:55:00
2336,hi,11:10:00
2336,hi,11:25:00
2336,hi,11:40:00
2336,hi,11:55:00
2336,hi,12:10:00
2336,hi,12:25:00
2336,hi,12:40:00
2336,hi,12:55:00
2336,hi,13:15:00
2336,hi,13:35:00
2336,hi,13:55:00
3032,hi,05:55:00
3032,hi,06:10:00
3032,hi,06:25:00
3032,hi,06:40:00
3032,hi,06:55:00
3032,hi,07:10:00
3032,hi,07:25:00
3032,hi,07:40:00
3032,hi,07:55:00
3032,hi,08:10:00
3032,hi,08:25:00
3032,hi,08:40:00
3032,hi,08:55:00
3032,hi,09:10:00
3032,hi,09:25:00
3032,hi,09:40:00
3032,hi,09:55:00
3032,hi,10:10:00
3032,hi,10:25:00
3032,hi,10:40:00
3032,hi,10:55:00
3032,hi,11:10:00
3032,hi,11:25:00
3032,hi,11:40:00
3032,hi,11:55:00
3032,hi,12:10:00
3032,hi,12:25:00
3032,hi,12:40:00
3032,hi,12:55:00
3032,hi,13:15:00
3032,hi,13:35:00
3032,hi,13:55:00
2340,hi,06:11:00
2340,hi,06:41:00
2340,hi,07:11:00
2340,hi,09:41:00
2340,hi,11:41:00
2340,hi,12:11:00
2340,hi,13:41:00
2340,hi,15:11:00
2340,hi,15:41:00
2340,hi,17:11:00
2340,hi,19:11:00
2340,hi,19:41:00
2340,si,07:00:00
2340,si,07:30:00
2340,si,09:30:00
2340,si,11:30:00
2340,si,12:00:00
2340,si,13:30:00
2340,si,15:30:00
2340,si,17:30:00
2340,si,19:30:00
2340,si,20:30:00
2340,di,07:00:00
2340,di,07:30:00
2340,di,09:30:00
2340,di,11:30:00
2340,di,12:00:00
2340,di,13:30:00
2340,di,15:30:00
2340,di,17:30:00
2340,di,19:30:00
2340,di,20:30:00
2341,hi,06:11:00
2341,hi,06:41:00
2341,hi,07:11:00
2341,hi,09:41:00
2341,hi,11:41:00
2341,hi,12:11:00
2341,hi,13:41:00
2341,hi,15:11:00
2341,hi,15:41:00
2341,hi,17:11:00
2341,hi,19:11:00
2341,hi,19:41:00
2341,si,07:00:00
2341,si,07:30:00
2341,si,09:30:00
2341,si,11:30:00
2341,si,12:00:00
2341,si,13:30:00
2341,si,15:30:00
2341,si,17:30:00
2341,si,19:30:00
2341,si,20:30:00
2341,di,07:00:00
2341,di,07:30:00
2341,di,09:30:00
2341,di,11:30:00
2341,di,12:00:00
2341,di,13:30:00
2341,di,15:30:00
2341,di,17:30:00
2341,di,19:30:00
2341,di,20:30:00
3180,hi,07:15:00
3181,hi,07:15:00
2282,hi,08:10:00
2283,hi,08:10:00
2269,hi,07:25:00
2270,hi,07:25:00
2271,hi,07:05:00
2271,hi,13:00:00
2271,hi,16:20:00
2271,hi,17:50:00
2272,hi,07:05:00
2272,hi,13:00:00
2272,hi,16:20:00
2272,hi,17:50:00
3095,hi,05:15:00
3095,hi,13:46:00
3095,si,05:20:00
3095,si,06:00:00
3095,di,05:20:00
3095,di,06:00:00
3096,hi,05:15:00
3096,hi,13:46:00
3096,si,05:20:00
3096,si,06:00:00
3096,di,05:20:00
3096,di,06:00:00
3165,hi,06:08:00
3165,hi,11:40:00
3165,hi,17:00:00
3174,hi,06:08:00
3174,hi,11:40:00
3174,hi,17:00:00
2256,hi,09:00:00
2256,hi,10:30:00
2256,hi,15:50:00
2256,hi,19:50:00
2256,hi,21:25:00
2256,hi,23:50:00
2256,si,06:40:00
2256,si,08:00:00
2256,si,09:20:00
2256,si,10:40:00
2256,si,12:00:00
2256,si,13:10:00
2256,si,15:50:00
2256,si,18:30:00
2256,si,21:25:00
2256,si,23:50:00
2256,di,06:40:00
2256,di,08:00:00
2256,di,09:20:00
2256,di,10:40:00
2256,di,12:00:00
2256,di,13:10:00
2256,di,15:50:00
2256,di,18:30:00
2256,di,21:25:00
2256,di,23:50:00
2257,hi,09:00:00
2257,hi,10:30:00
2257,hi,15:50:00
2257,hi,19:50:00
2257,hi,21:25:00
2257,hi,23:50:00
2257,si,06:40:00
2257,si,08:00:00
2257,si,09:20:00
2257,si,10:40:00
2257,si,12:00:00
2257,si,13:10:00
2257,si,15:50:00
2257,si,18:30:00
2257,si,21:25:00
2257,si,23:50:00
2257,di,06:40:00
2257,di,08:00:00
2257,di,09:20:00
2257,di,10:40:00
2257,di,12:00:00
2257,di,13:10:00
2257,di,15:50:00
2257,di,18:30:00
2257,di,21:25:00
2257,di,23:50:00
2258,hi,06:10:00
2258,hi,19:10:00
2258,hi,20:30:00
2258,hi,22:40:00
2258,si,07:20:00
2258,si,08:40:00
2258,si,10:00:00
2258,si,11:20:00
2258,si,12:40:00
2258,si,14:30:00
2258,si,17:10:00
2258,si,19:50:00
2258,si,22:40:00
2258,di,07:20:00
2258,di,08:40:00
2258,di,10:00:00
2258,di,11:20:00
2258,di,12:40:00
2258,di,14:30:00
2258,di,17:10:00
2258,di,19:50:00
2258,di,22:40:00
2259,hi,06:10:00
2259,hi,19:10:00
2259,hi,20:30:00
2259,hi,22:40:00
2259,si,07:20:00
2259,si,08:40:00
2259,si,10:00:00
2259,si,11:20:00
2259,si,12:40:00
2259,si,14:30:00
2259,si,17:10:00
2259,si,19:50:00
2259,si,22:40:00
2259,di,07:20:00
2259,di,08:40:00
2259,di,10:00:00
2259,di,11:20:00
2259,di,12:40:00
2259,di,14:30:00
2259,di,17:10:00
2259,di,19:50:00
2259,di,22:40:00
2284,hi,12:20:00
2285,hi,12:20:00
3182,hi,12:30:00
3182,hi,17:40:00
3183,hi,12:30:00
3183,hi,17:40:00
2221,hi,05:30:00
2221,hi,06:00:00
2221,hi,06:30:00
2221,hi,07:00:00
2221,hi,07:30:00
2221,hi,08:00:00
2221,hi,08:30:00
2221,hi,09:00:00
2221,hi,09:30:00
2221,hi,10:00:00
2221,hi,10:30:00
2221,hi,11:00:00
2221,hi,11:30:00
2221,hi,12:00:00
2221,hi,12:30:00
2221,hi,13:00:00
2221,hi,13:30:00
2221,hi,14:00:00
2221,hi,14:30:00
2221,hi,15:00:00
2221,hi,15:30:00
2221,hi,16:30:00
2221,hi,17:00:00
2221,hi,17:30:00
2221,hi,18:00:00
2221,hi,18:30:00
2221,hi,19:00:00
2221,hi,19:30:00
2221,hi,20:00:00
2221,hi,20:30:00
2221,si,05:40:00
2221,si,06:20:00
2221,si,07:00:00
2221,si,07:40:00
2221,si,09:00:00
2221,si,09:40:00
2221,si,10:20:00
2221,si,11:00:00
2221,si,11:40:00
2221,si,12:20:00
2221,si,13:00:00
2221,si,13:40:00
2221,si,14:20:00
2221,si,15:00:00
2221,si,15:40:00
2221,si,17:00:00
2221,si,17:40:00
2221,si,18:20:00
2221,si,19:00:00
2221,si,19:40:00
2221,si,20:20:00
2221,di,05:20:00
2221,di,06:00:00
2221,di,06:40:00
2221,di,07:20:00
2221,di,08:00:00
2221,di,09:20:00
2221,di,10:00:00
2221,di,10:40:00
2221,di,11:20:00
2221,di,12:00:00
2221,di,12:40:00
2221,di,13:20:00
2221,di,14:00:00
2221,di,14:40:00
2221,di,16:00:00
2221,di,16:40:00
2221,di,17:20:00
2221,di,18:00:00
2221,di,18:40:00
2221,di,19:20:00
2221,di,20:00:00
2221,di,20:40:00
2230,hi,05:30:00
2230,hi,06:00:00
2230,hi,06:30:00
2230,hi,07:00:00
2230,hi,07:30:00
2230,hi,08:00:00
2230,hi,08:30:00
2230,hi,09:00:00
2230,hi,09:30:00
2230,hi,10:00:00
2230,hi,10:30:00
2230,hi,11:00:00
2230,hi,11:30:00
2230,hi,12:00:00
2230,hi,12:30:00
2230,hi,13:00:00
2230,hi,13:30:00
2230,hi,14:00:00
2230,hi,14:30:00
2230,hi,15:00:00
2230,hi,15:30:00
2230,hi,16:30:00
2230,hi,17:00:00
2230,hi,17:30:00
2230,hi,18:00:00
2230,hi,18:30:00
2230,hi,19:00:00
2230,hi,19:30:00
2230,hi,20:00:00
2230,hi,20:30:00
2230,si,05:40:00
2230,si,06:20:00
2230,si,07:00:00
2230,si,07:40:00
2230,si,09:00:00
2230,si,09:40:00
2230,si,10:20:00
2230,si,11:00:00
2230,si,11:40:00
2230,si,12:20:00
2230,si,13:00:00
2230,si,13:40:00
2230,si,14:20:00
2230,si,15:00:00
2230,si,15:40:00
2230,si,17:00:00
2230,si,17:40:00
2230,si,18:20:00
2230,si,19:00:00
2230,si,19:40:00
2230,si,20:20:00
2230,di,05:20:00
2230,di,06:00:00
2230,di,06:40:00
2230,di,07:20:00
2230,di,08:00:00
2230,di,09:20:00
2230,di,10:00:00
2230,di,10:40:00
2230,di,11:20:00
2230,di,12:00:00
2230,di,12:40:00
2230,di,13:20:00
2230,di,14:00:00
2230,di,14:40:00
2230,di,16:00:00
2230,di,16:40:00
2230,di,17:20:00
2230,di,18:00:00
2230,di,18:40:00
2230,di,19:20:00
2230,di,20:00:00
2230,di,20:40:00
3052,hi,21:20:00
3052,hi,23:20:00
3052,si,21:20:00
3052,si,22:20:00
3052,si,23:20:00
3052,si,00:20:00
3052,di,21:20:00
3052,di,23:20:00
3053,hi,21:20:00
3053,hi,23:20:00
3053,si,21:20:00
3053,si,22:20:00
3053,si,23:20:00
3053,si,00:20:00
3053,di,21:20:00
3053,di,23:20:00
3059,hi,16:00:00
3059,si,08:20:00
3059,si,16:20:00
3059,di,08:40:00
3059,di,15:20:00
3060,hi,16:00:00
3060,si,08:20:00
3060,si,16:20:00
3060,di,08:40:00
3060,di,15:20:00
2355,hi,05:00:00
2355,hi,05:20:00
2355,hi,05:40:00
2355,hi,06:00:00
2355,hi,06:10:00
2355,hi,06:40:00
2355,hi,07:03:00
2355,hi,07:30:00
2355,hi,08:12:00
2355,hi,08:34:00
2355,hi,09:03:00
2355,hi,09:30:00
2355,hi,10:03:00
2355,hi,10:26:00
2355,hi,10:40:00
2355,hi,11:04:00
2355,hi,11:10:00
2355,hi,11:30:00
2355,hi,12:03:00
2355,hi,12:28:00
2355,hi,12:43:00
2355,hi,13:03:00
2355,hi,13:22:00
2355,hi,13:38:00
2355,hi,14:03:00
2355,hi,14:30:00
2355,hi,15:03:00
2355,hi,15:30:00
2355,hi,16:03:00
2355,hi,16:30:00
2355,hi,16:52:00
2355,hi,17:10:00
2355,hi,17:34:00
2355,hi,17:52:00
2355,hi,18:10:00
2355,hi,18:30:00
2355,hi,18:52:00
2355,hi,19:10:00
2355,hi,19:30:00
2355,hi,19:52:00
2355,hi,20:10:00
2355,hi,20:30:00
2355,hi,21:10:00
2355,hi,21:50:00
2355,hi,22:50:00
2355,hi,23:50:00
2355,hi,00:50:00
2355,hi,01:50:00
2355,si,05:00:00
2355,si,05:47:00
2355,si,06:17:00
2355,si,06:47:00
2355,si,07:17:00
2355,si,07:47:00
2355,si,08:17:00
2355,si,08:47:00
2355,si,09:17:00
2355,si,09:47:00
2355,si,10:17:00
2355,si,10:47:00
2355,si,11:17:00
2355,si,11:47:00
2355,si,12:17:00
2355,si,12:47:00
2355,si,13:17:00
2355,si,13:47:00
2355,si,14:17:00
2355,si,14:47:00
2355,si,15:17:00
2355,si,15:47:00
2355,si,16:17:00
2355,si,16:47:00
2355,si,17:17:00
2355,si,17:47:00
2355,si,18:17:00
2355,si,18:47:00
2355,si,19:17:00
2355,si,19:47:00
2355,si,20:17:00
2355,si,20:47:00
2355,si,21:10:00
2355,si,21:50:00
2355,si,22:10:00
2355,si,22:50:00
2355,si,23:50:00
2355,si,01:00:00
2355,si,01:50:00
2355,si,02:50:00
2355,di,05:50:00
2355,di,06:18:00
2355,di,06:42:00
2355,di,08:18:00
2355,di,08:42:00
2355,di,09:18:00
2355,di,09:42:00
2355,di,10:18:00
2355,di,10:42:00
2355,di,11:18:00
2355,di,11:42:00
2355,di,12:18:00
2355,di,12:42:00
2355,di,13:18:00
2355,di,13:42:00
2355,di,14:18:00
2355,di,14:42:00
2355,di,15:18:00
2355,di,15:42:00
2355,di,16:18:00
2355,di,16:42:00
2355,di,17:18:00
2355,di,17:42:00
2355,di,18:18:00
2355,di,18:42:00
2355,di,19:18:00
2355,di,19:42:00
2355,di,20:18:00
2355,di,20:42:00
2355,di,21:10:00
2355,di,21:50:00
2355,di,22:50:00
2355,di,23:50:00
2356,hi,05:00:00
2356,hi,05:20:00
2356,hi,05:40:00
2356,hi,06:00:00
2356,hi,06:10:00
2356,hi,06:40:00
2356,hi,07:03:00
2356,hi,07:30:00
2356,hi,08:12:00
2356,hi,08:34:00
2356,hi,09:03:00
2356,hi,09:30:00
2356,hi,10:03:00
2356,hi,10:26:00
2356,hi,10:40:00
2356,hi,11:04:00
2356,hi,11:10:00
2356,hi,11:30:00
2356,hi,12:03:00
2356,hi,12:28:00
2356,hi,12:43:00
2356,hi,13:03:00
2356,hi,13:22:00
2356,hi,13:38:00
2356,hi,14:03:00
2356,hi,14:30:00
2356,hi,15:03:00
2356,hi,15:30:00
2356,hi,16:03:00
2356,hi,16:30:00
2356,hi,16:52:00
2356,hi,17:10:00
2356,hi,17:34:00
2356,hi,17:52:00
2356,hi,18:10:00
2356,hi,18:30:00
2356,hi,18:52:00
2356,hi,19:10:00
2356,hi,19:30:00
2356,hi,19:52:00
2356,hi,20:10:00
2356,hi,20:30:00
2356,hi,21:10:00
2356,hi,21:50:00
2356,hi,22:50:00
2356,hi,23:50:00
2356,hi,00:50:00
2356,hi,01:50:00
2356,si,05:00:00
2356,si,05:47:00
2356,si,06:17:00
2356,si,06:47:00
2356,si,07:17:00
2356,si,07:47:00
2356,si,08:17:00
2356,si,08:47:00
2356,si,09:17:00
2356,si,09:47:00
2356,si,10:17:00
2356,si,10:47:00
2356,si,11:17:00
2356,si,11:47:00
2356,si,12:17:00
2356,si,12:47:00
2356,si,13:17:00
2356,si,13:47:00
2356,si,14:17:00
2356,si,14:47:00
2356,si,15:17:00
2356,si,15:47:00
2356,si,16:17:00
2356,si,16:47:00
2356,si,17:17:00
2356,si,17:47:00
2356,si,18:17:00
2356,si,18:47:00
2356,si,19:17:00
2356,si,19:47:00
2356,si,20:17:00
2356,si,20:47:00
2356,si,21:10:00
2356,si,21:50:00
2356,si,22:10:00
2356,si,22:50:00
2356,si,23:50:00
2356,si,01:00:00
2356,si,01:50:00
2356,si,02:50:00
2356,di,05:50:00
2356,di,06:18:00
2356,di,06:42:00
2356,di,08:18:00
2356,di,08:42:00
2356,di,09:18:00
2356,di,09:42:00
2356,di,10:18:00
2356,di,10:42:00
2356,di,11:18:00
2356,di,11:42:00
2356,di,12:18:00
2356,di,12:42:00
2356,di,13:18:00
2356,di,13:42:00
2356,di,14:18:00
2356,di,14:42:00
2356,di,15:18:00
2356,di,15:42:00
2356,di,16:18:00
2356,di,16:42:00
2356,di,17:18:00
2356,di,17:42:00
2356,di,18:18:00
2356,di,18:42:00
2356,di,19:18:00
2356,di,19:42:00
2356,di,20:18:00
2356,di,20:42:00
2356,di,21:10:00
2356,di,21:50:00
2356,di,22:50:00
2356,di,23:50:00
2326,hi,05:30:00
2326,hi,06:40:00
2326,hi,08:00:00
2326,hi,09:20:00
2326,hi,10:40:00
2326,hi,12:00:00
2326,hi,13:40:00
2326,hi,14:40:00
2326,hi,16:00:00
2326,hi,17:15:00
2326,hi,18:55:00
2326,hi,20:00:00
2326,hi,21:20:00
2326,hi,22:00:00
2326,si,05:40:00
2326,si,06:20:00
2326,si,07:40:00
2326,si,09:00:00
2326,si,10:20:00
2326,si,11:40:00
2326,si,13:50:00
2326,si,15:10:00
2326,si,16:30:00
2326,si,17:50:00
2326,si,19:10:00
2326,si,20:25:00
2326,si,21:00:00
2326,si,22:20:00
2327,hi,05:30:00
2327,hi,06:40:00
2327,hi,08:00:00
2327,hi,09:20:00
2327,hi,10:40:00
2327,hi,12:00:00
2327,hi,13:40:00
2327,hi,14:40:00
2327,hi,16:00:00
2327,hi,17:15:00
2327,hi,18:55:00
2327,hi,20:00:00
2327,hi,21:20:00
2327,hi,22:00:00
2327,si,05:40:00
2327,si,06:20:00
2327,si,07:40:00
2327,si,09:00:00
2327,si,10:20:00
2327,si,11:40:00
2327,si,13:50:00
2327,si,15:10:00
2327,si,16:30:00
2327,si,17:50:00
2327,si,19:10:00
2327,si,20:25:00
2327,si,21:00:00
2327,si,22:20:00
2312,hi,12:10:00
2313,hi,12:10:00
2320,hi,17:40:00
2321,hi,17:40:00
2322,hi,06:40:00
2322,hi,14:40:00
2322,hi,06:30:00
2323,hi,06:40:00
2323,hi,14:40:00
2323,hi,06:30:00
2299,hi,05:00:00
2299,hi,05:30:00
2299,hi,05:55:00
2299,hi,06:15:00
2299,hi,06:35:00
2299,hi,06:55:00
2299,hi,07:15:00
2299,hi,07:35:00
2299,hi,07:55:00
2299,hi,08:20:00
2299,hi,08:40:00
2299,hi,09:00:00
2299,hi,09:30:00
2299,hi,10:00:00
2299,hi,10:30:00
2299,hi,11:00:00
2299,hi,11:20:00
2299,hi,11:40:00
2299,hi,12:00:00
2299,hi,12:20:00
2299,hi,12:40:00
2299,hi,13:05:00
2299,hi,13:30:00
2299,hi,14:00:00
2299,hi,14:30:00
2299,hi,15:00:00
2299,hi,15:20:00
2299,hi,15:40:00
2299,hi,16:00:00
2299,hi,16:20:00
2299,hi,16:40:00
2299,hi,17:00:00
2299,hi,17:20:00
2299,hi,17:40:00
2299,hi,18:00:00
2299,hi,18:20:00
2299,hi,18:40:00
2299,hi,19:00:00
2299,hi,19:20:00
2299,hi,19:40:00
2299,hi,20:00:00
2299,hi,20:20:00
2299,hi,20:40:00
2299,hi,21:10:00
2299,hi,21:52:00
2299,hi,22:32:00
2299,hi,23:12:00
2299,hi,23:52:00
2299,hi,00:52:00
2299,si,05:00:00
2299,si,05:30:00
2299,si,06:00:00
2299,si,06:30:00
2299,si,07:00:00
2299,si,07:30:00
2299,si,08:00:00
2299,si,08:30:00
2299,si,09:00:00
2299,si,09:30:00
2299,si,10:00:00
2299,si,10:30:00
2299,si,11:00:00
2299,si,11:30:00
2299,si,12:00:00
2299,si,12:30:00
2299,si,13:00:00
2299,si,13:30:00
2299,si,14:00:00
2299,si,14:30:00
2299,si,15:00:00
2299,si,15:30:00
2299,si,16:00:00
2299,si,16:30:00
2299,si,17:00:00
2299,si,17:30:00
2299,si,18:00:00
2299,si,18:30:00
2299,si,19:00:00
2299,si,19:30:00
2299,si,20:00:00
2299,si,20:30:00
2299,si,21:10:00
2299,si,21:52:00
2299,si,22:32:00
2299,si,23:12:00
2299,si,23:52:00
2299,si,00:52:00
2299,si,02:00:00
2299,di,05:00:00
2299,di,05:30:00
2299,di,06:00:00
2299,di,06:30:00
2299,di,07:00:00
2299,di,07:30:00
2299,di,08:00:00
2299,di,08:30:00
2299,di,09:00:00
2299,di,09:30:00
2299,di,10:00:00
2299,di,10:30:00
2299,di,11:00:00
2299,di,11:30:00
2299,di,12:00:00
2299,di,12:30:00
2299,di,13:00:00
2299,di,13:30:00
2299,di,14:00:00
2299,di,14:30:00
2299,di,15:00:00
2299,di,15:30:00
2299,di,16:00:00
2299,di,16:30:00
2299,di,17:00:00
2299,di,17:30:00
2299,di,18:00:00
2299,di,18:30:00
2299,di,19:00:00
2299,di,19:30:00
2299,di,20:00:00
2299,di,20:30:00
2299,di,21:10:00
2299,di,21:52:00
2299,di,22:32:00
2299,di,23:12:00
2299,di,23:52:00
2299,di,00:52:00
2299,di,02:00:00
2300,hi,05:00:00
2300,hi,05:30:00
2300,hi,05:55:00
2300,hi,06:15:00
2300,hi,06:35:00
2300,hi,06:55:00
2300,hi,07:15:00
2300,hi,07:35:00
2300,hi,07:55:00
2300,hi,08:20:00
2300,hi,08:40:00
2300,hi,09:00:00
2300,hi,09:30:00
2300,hi,10:00:00
2300,hi,10:30:00
2300,hi,11:00:00
2300,hi,11:20:00
2300,hi,11:40:00
2300,hi,12:00:00
2300,hi,12:20:00
2300,hi,12:40:00
2300,hi,13:05:00
2300,hi,13:30:00
2300,hi,14:00:00
2300,hi,14:30:00
2300,hi,15:00:00
2300,hi,15:20:00
2300,hi,15:40:00
2300,hi,16:00:00
2300,hi,16:20:00
2300,hi,16:40:00
2300,hi,17:00:00
2300,hi,17:20:00
2300,hi,17:40:00
2300,hi,18:00:00
2300,hi,18:20:00
2300,hi,18:40:00
2300,hi,19:00:00
2300,hi,19:20:00
2300,hi,19:40:00
2300,hi,20:00:00
2300,hi,20:20:00
2300,hi,20:40:00
2300,hi,21:10:00
2300,hi,21:52:00
2300,hi,22:32:00
2300,hi,23:12:00
2300,hi,23:52:00
2300,hi,00:52:00
2300,si,05:00:00
2300,si,05:30:00
2300,si,06:00:00
2300,si,06:30:00
2300,si,07:00:00
2300,si,07:30:00
2300,si,08:00:00
2300,si,08:30:00
2300,si,09:00:00
2300,si,09:30:00
2300,si,10:00:00
2300,si,10:30:00
2300,si,11:00:00
2300,si,11:30:00
2300,si,12:00:00
2300,si,12:30:00
2300,si,13:00:00
2300,si,13:30:00
2300,si,14:00:00
2300,si,14:30:00
2300,si,15:00:00
2300,si,15:30:00
2300,si,16:00:00
2300,si,16:30:00
2300,si,17:00:00
2300,si,17:30:00
2300,si,18:00:00
2300,si,18:30:00
2300,si,19:00:00
2300,si,19:30:00
2300,si,20:00:00
2300,si,20:30:00
2300,si,21:10:00
2300,si,21:52:00
2300,si,22:32:00
2300,si,23:12:00
2300,si,23:52:00
2300,si,00:52:00
2300,si,02:00:00
2300,di,05:00:00
2300,di,05:30:00
2300,di,06:00:00
2300,di,06:30:00
2300,di,07:00:00
2300,di,07:30:00
2300,di,08:00:00
2300,di,08:30:00
2300,di,09:00:00
2300,di,09:30:00
2300,di,10:00:00
2300,di,10:30:00
2300,di,11:00:00
2300,di,11:30:00
2300,di,12:00:00
2300,di,12:30:00
2300,di,13:00:00
2300,di,13:30:00
2300,di,14:00:00
2300,di,14:30:00
2300,di,15:00:00
2300,di,15:30:00
2300,di,16:00:00
2300,di,16:30:00
2300,di,17:00:00
2300,di,17:30:00
2300,di,18:00:00
2300,di,18:30:00
2300,di,19:00:00
2300,di,19:30:00
2300,di,20:00:00
2300,di,20:30:00
2300,di,21:10:00
2300,di,21:52:00
2300,di,22:32:00
2300,di,23:12:00
2300,di,23:52:00
2300,di,00:52:00
2300,di,02:00:00
2301,hi,05:00:00
2301,hi,06:30:00
2301,hi,07:30:00
2301,hi,08:40:00
2301,hi,10:00:00
2301,hi,11:20:00
2301,hi,12:40:00
2301,hi,14:00:00
2301,hi,15:20:00
2301,hi,17:20:00
2301,hi,18:40:00
2301,hi,20:00:00
2301,hi,22:32:00
2301,si,05:00:00
2301,si,06:00:00
2301,si,07:00:00
2301,si,08:00:00
2301,si,09:00:00
2301,si,10:00:00
2301,si,11:00:00
2301,si,12:00:00
2301,si,13:00:00
2301,si,14:00:00
2301,si,15:00:00
2301,si,16:00:00
2301,si,17:00:00
2301,si,18:00:00
2301,si,19:00:00
2301,si,20:00:00
2301,si,21:15:00
2301,si,22:32:00
2301,di,05:00:00
2301,di,06:00:00
2301,di,07:00:00
2301,di,08:00:00
2301,di,09:00:00
2301,di,10:00:00
2301,di,11:00:00
2301,di,12:00:00
2301,di,13:00:00
2301,di,14:00:00
2301,di,15:00:00
2301,di,16:00:00
2301,di,17:00:00
2301,di,18:00:00
2301,di,19:00:00
2301,di,20:00:00
2301,di,21:15:00
2301,di,22:32:00
2302,hi,05:00:00
2302,hi,06:30:00
2302,hi,07:30:00
2302,hi,08:40:00
2302,hi,10:00:00
2302,hi,11:20:00
2302,hi,12:40:00
2302,hi,14:00:00
2302,hi,15:20:00
2302,hi,17:20:00
2302,hi,18:40:00
2302,hi,20:00:00
2302,hi,22:32:00
2302,si,05:00:00
2302,si,06:00:00
2302,si,07:00:00
2302,si,08:00:00
2302,si,09:00:00
2302,si,10:00:00
2302,si,11:00:00
2302,si,12:00:00
2302,si,13:00:00
2302,si,14:00:00
2302,si,15:00:00
2302,si,16:00:00
2302,si,17:00:00
2302,si,18:00:00
2302,si,19:00:00
2302,si,20:00:00
2302,si,21:15:00
2302,si,22:32:00
2302,di,05:00:00
2302,di,06:00:00
2302,di,07:00:00
2302,di,08:00:00
2302,di,09:00:00
2302,di,10:00:00
2302,di,11:00:00
2302,di,12:00:00
2302,di,13:00:00
2302,di,14:00:00
2302,di,15:00:00
2302,di,16:00:00
2302,di,17:00:00
2302,di,18:00:00
2302,di,19:00:00
2302,di,20:00:00
2302,di,21:15:00
2302,di,22:32:00
2303,hi,07:00:00
2304,hi,07:00:00
2995,hi,06:00:00
2995,hi,06:30:00
2995,hi,07:00:00
2995,hi,07:30:00
2995,hi,08:00:00
2995,hi,08:30:00
2995,hi,09:00:00
2995,hi,09:30:00
2995,hi,10:00:00
2995,hi,10:30:00
2995,hi,11:00:00
2995,hi,11:30:00
2995,hi,12:00:00
2995,hi,12:30:00
2995,hi,13:00:00
2995,hi,14:00:00
2996,hi,06:00:00
2996,hi,06:30:00
2996,hi,07:00:00
2996,hi,07:30:00
2996,hi,08:00:00
2996,hi,08:30:00
2996,hi,09:00:00
2996,hi,09:30:00
2996,hi,10:00:00
2996,hi,10:30:00
2996,hi,11:00:00
2996,hi,11:30:00
2996,hi,12:00:00
2996,hi,12:30:00
2996,hi,13:00:00
2996,hi,14:00:00
3001,hi,14:07:00
3001,hi,14:37:00
3001,hi,15:07:00
3001,hi,15:37:00
3001,hi,16:07:00
3001,hi,16:37:00
3001,hi,17:07:00
3001,hi,17:37:00
3001,hi,18:07:00
3001,hi,18:37:00
3001,hi,19:07:00
3001,hi,19:37:00
3001,hi,20:07:00
3001,hi,01:03:00
3001,si,06:13:00
3001,si,06:33:00
3001,si,07:13:00
3001,si,07:33:00
3001,si,08:08:00
3001,si,08:38:00
3001,si,09:08:00
3001,si,09:38:00
3001,si,10:08:00
3001,si,10:38:00
3001,si,11:08:00
3001,si,11:38:00
3001,si,12:08:00
3001,si,12:38:00
3001,si,13:23:00
3001,si,14:23:00
3001,si,15:23:00
3001,si,16:23:00
3001,si,17:23:00
3001,si,18:23:00
3001,si,19:23:00
3001,si,20:13:00
3001,si,01:03:00
3001,di,06:23:00
3001,di,07:13:00
3001,di,07:53:00
3001,di,08:33:00
3001,di,09:13:00
3001,di,09:53:00
3001,di,10:33:00
3001,di,11:13:00
3001,di,12:33:00
3001,di,13:13:00
3001,di,13:53:00
3001,di,14:33:00
3001,di,15:13:00
3001,di,15:53:00
3001,di,16:33:00
3001,di,17:13:00
3001,di,17:53:00
3001,di,18:13:00
3001,di,18:33:00
3001,di,19:53:00
3001,di,01:03:00
3004,hi,14:07:00
3004,hi,14:37:00
3004,hi,15:07:00
3004,hi,15:37:00
3004,hi,16:07:00
3004,hi,16:37:00
3004,hi,17:07:00
3004,hi,17:37:00
3004,hi,18:07:00
3004,hi,18:37:00
3004,hi,19:07:00
3004,hi,19:37:00
3004,hi,20:07:00
3004,hi,01:03:00
3004,si,06:13:00
3004,si,06:33:00
3004,si,07:13:00
3004,si,07:33:00
3004,si,08:08:00
3004,si,08:38:00
3004,si,09:08:00
3004,si,09:38:00
3004,si,10:08:00
3004,si,10:38:00
3004,si,11:08:00
3004,si,11:38:00
3004,si,12:08:00
3004,si,12:38:00
3004,si,13:23:00
3004,si,14:23:00
3004,si,15:23:00
3004,si,16:23:00
3004,si,17:23:00
3004,si,18:23:00
3004,si,19:23:00
3004,si,20:13:00
3004,si,01:03:00
3004,di,06:23:00
3004,di,07:13:00
3004,di,07:53:00
3004,di,08:33:00
3004,di,09:13:00
3004,di,09:53:00
3004,di,10:33:00
3004,di,11:13:00
3004,di,12:33:00
3004,di,13:13:00
3004,di,13:53:00
3004,di,14:33:00
3004,di,15:13:00
3004,di,15:53:00
3004,di,16:33:00
3004,di,17:13:00
3004,di,17:53:00
3004,di,18:13:00
3004,di,18:33:00
3004,di,19:53:00
3004,di,01:03:00
2243,hi,05:00:00
2243,hi,05:10:00
2243,hi,05:20:00
2243,hi,05:30:00
2243,hi,05:40:00
2243,hi,05:50:00
2243,hi,06:00:00
2243,hi,06:08:00
2243,hi,06:16:00
2243,hi,06:24:00
2243,hi,06:32:00
2243,hi,06:40:00
2243,hi,06:48:00
2243,hi,06:56:00
2243,hi,07:04:00
2243,hi,07:12:00
2243,hi,07:20:00
2243,hi,07:28:00
2243,hi,07:36:00
2243,hi,07:44:00
2243,hi,07:52:00
2243,hi,08:00:00
2243,hi,08:08:00
2243,hi,08:16:00
2243,hi,08:24:00
2243,hi,08:32:00
2243,hi,08:40:00
2243,hi,08:48:00
2243,hi,08:56:00
2243,hi,09:04:00
2243,hi,09:12:00
2243,hi,09:20:00
2243,hi,09:28:00
2243,hi,09:36:00
2243,hi,09:44:00
2243,hi,09:52:00
2243,hi,10:00:00
2243,hi,10:08:00
2243,hi,10:16:00
2243,hi,10:24:00
2243,hi,10:32:00
2243,hi,10:40:00
2243,hi,10:50:00
2243,hi,11:00:00
2243,hi,11:10:00
2243,hi,11:20:00
2243,hi,11:30:00
2243,hi,11:40:00
2243,hi,11:48:00
2243,hi,11:56:00
2243,hi,12:04:00
2243,hi,12:12:00
2243,hi,12:20:00
2243,hi,12:28:00
2243,hi,12:36:00
2243,hi,12:44:00
2243,hi,12:52:00
2243,hi,13:00:00
2243,hi,13:10:00
2243,hi,13:20:00
2243,hi,13:30:00
2243,hi,13:40:00
2243,hi,13:50:00
2243,hi,14:00:00
3061,hi,05:00:00
3061,hi,05:10:00
3061,hi,05:20:00
3061,hi,05:30:00
3061,hi,05:40:00
3061,hi,05:50:00
3061,hi,06:00:00
3061,hi,06:08:00
3061,hi,06:16:00
3061,hi,06:24:00
3061,hi,06:32:00
3061,hi,06:40:00
3061,hi,06:48:00
3061,hi,06:56:00
3061,hi,07:04:00
3061,hi,07:12:00
3061,hi,07:20:00
3061,hi,07:28:00
3061,hi,07:36:00
3061,hi,07:44:00
3061,hi,07:52:00
3061,hi,08:00:00
3061,hi,08:08:00
3061,hi,08:16:00
3061,hi,08:24:00
3061,hi,08:32:00
3061,hi,08:40:00
3061,hi,08:48:00
3061,hi,08:56:00
3061,hi,09:04:00
3061,hi,09:12:00
3061,hi,09:20:00
3061,hi,09:28:00
3061,hi,09:36:00
3061,hi,09:44:00
3061,hi,09:52:00
3061,hi,10:00:00
3061,hi,10:08:00
3061,hi,10:16:00
3061,hi,10:24:00
3061,hi,10:32:00
3061,hi,10:40:00
3061,hi,10:50:00
3061,hi,11:00:00
3061,hi,11:10:00
3061,hi,11:20:00
3061,hi,11:30:00
3061,hi,11:40:00
3061,hi,11:48:00
3061,hi,11:56:00
3061,hi,12:04:00
3061,hi,12:12:00
3061,hi,12:20:00
3061,hi,12:28:00
3061,hi,12:36:00
3061,hi,12:44:00
3061,hi,12:52:00
3061,hi,13:00:00
3061,hi,13:10:00
3061,hi,13:20:00
3061,hi,13:30:00
3061,hi,13:40:00
3061,hi,13:50:00
3061,hi,14:00:00
